INSERT INTO cells.idm_workspaces (uuid, label, description, attributes, slug, scope, last_updated) VALUES ('5e9842c4-5753-11ec-b901-acde48001122', 'Personal Files', 'User personal data', '', 'personal-files', 1, 1638877612);
INSERT INTO cells.idm_workspaces (uuid, label, description, attributes, slug, scope, last_updated) VALUES ('5eb53d02-5753-11ec-b901-acde48001122', 'Common Files', 'Data shared by all users', '', 'common-files', 1, 1638877612);

INSERT INTO cells.idm_workspace_policies (id, resource, action, subject, effect, conditions) VALUES (1, '5e9842c4-5753-11ec-b901-acde48001122', 'READ', 'profile:standard', 'allow', '');
INSERT INTO cells.idm_workspace_policies (id, resource, action, subject, effect, conditions) VALUES (2, '5e9842c4-5753-11ec-b901-acde48001122', 'WRITE', 'profile:admin', 'allow', '');
INSERT INTO cells.idm_workspace_policies (id, resource, action, subject, effect, conditions) VALUES (3, '5eb53d02-5753-11ec-b901-acde48001122', 'READ', 'profile:standard', 'allow', '');
INSERT INTO cells.idm_workspace_policies (id, resource, action, subject, effect, conditions) VALUES (4, '5eb53d02-5753-11ec-b901-acde48001122', 'WRITE', 'profile:admin', 'allow', '');


INSERT INTO cells.idm_user_idx_tree (uuid, level, name, leaf, mtime, etag, size, mode, mpath1, mpath2, mpath3, mpath4, hash, hash2) VALUES ('31031d63-341d-4fb5-b0b3-fad2533855bc', 2, 'admin', 1, 1638877573, 'sha256:1000:dklrUnVlcmR5Rnd0dXVVbFdLUVhPY3JBY0ZiY0dUTlo=:Hp/gzG2zxbOkJ56DEeYoPb4ocaZSU9IG', 1, '0', '1.1', '', '', '', '4491f8b5ecc09d9de308ea37e6a23ad2dd66c256', '7745a3b8601d4c6c68f07984cd1af8ccb8595055');
INSERT INTO cells.idm_user_idx_tree (uuid, level, name, leaf, mtime, etag, size, mode, mpath1, mpath2, mpath3, mpath4, hash, hash2) VALUES ('68e315b6-0389-461f-89d3-baf067782484', 2, 'pydio.anon.user', 1, 1638877573, 'sha256:1000:WmF0YWVOeGZXUE1BckRjbXZJc1Z4ZklVYmdYREJid1U=:G0eMlnBKfXdUnZno6IsCgSiy33EWJ3lj', 1, '0', '1.2', '', '', '', '8114b9dabe64741f5700c676da07d4182530a754', '77f01a2ce15954dc3ac687eda177d48087e08ada');
INSERT INTO cells.idm_user_idx_tree (uuid, level, name, leaf, mtime, etag, size, mode, mpath1, mpath2, mpath3, mpath4, hash, hash2) VALUES ('ROOT_GROUP', 1, '', 0, 1638877573, '', 0, '0', '1', '', '', '', '356a192b7913b04c54574d18c28d46e6395428ab', '7ecef65939fd8828c0e64dab9ae2649956e4b4cf');


INSERT INTO cells.idm_user_policies (id, resource, action, subject, effect, conditions) VALUES (1, '31031d63-341d-4fb5-b0b3-fad2533855bc', 'READ', 'profile:standard', 'allow', '');
INSERT INTO cells.idm_user_policies (id, resource, action, subject, effect, conditions) VALUES (2, '31031d63-341d-4fb5-b0b3-fad2533855bc', 'WRITE', 'user:admin', 'allow', '');
INSERT INTO cells.idm_user_policies (id, resource, action, subject, effect, conditions) VALUES (3, '31031d63-341d-4fb5-b0b3-fad2533855bc', 'WRITE', 'profile:admin', 'allow', '');
INSERT INTO cells.idm_user_policies (id, resource, action, subject, effect, conditions) VALUES (4, '68e315b6-0389-461f-89d3-baf067782484', 'READ', 'user:pydio.anon.user', 'allow', '');
INSERT INTO cells.idm_user_policies (id, resource, action, subject, effect, conditions) VALUES (5, '68e315b6-0389-461f-89d3-baf067782484', 'READ', 'profile:admin', 'allow', '');
INSERT INTO cells.idm_user_policies (id, resource, action, subject, effect, conditions) VALUES (6, '68e315b6-0389-461f-89d3-baf067782484', 'WRITE', 'profile:admin', 'allow', '');


INSERT INTO cells.idm_acl_nodes (id, uuid) VALUES (10, 'DATASOURCE:pydiods1');
INSERT INTO cells.idm_acl_nodes (id, uuid) VALUES (1, 'homepage-ROOT');
INSERT INTO cells.idm_acl_nodes (id, uuid) VALUES (6, 'my-files');
INSERT INTO cells.idm_acl_nodes (id, uuid) VALUES (3, 'settings-ROOT');

INSERT INTO cells.idm_acl_roles (id, uuid) VALUES (4, 'ADMINS');
INSERT INTO cells.idm_acl_roles (id, uuid) VALUES (6, 'EXTERNAL_USERS');
INSERT INTO cells.idm_acl_roles (id, uuid) VALUES (12, 'MINISITE');
INSERT INTO cells.idm_acl_roles (id, uuid) VALUES (14, 'MINISITE_NODOWNLOAD');
INSERT INTO cells.idm_acl_roles (id, uuid) VALUES (1, 'ROOT_GROUP');

INSERT INTO cells.idm_acl_workspaces (id, name) VALUES (16, '5e9842c4-5753-11ec-b901-acde48001122');
INSERT INTO cells.idm_acl_workspaces (id, name) VALUES (20, '5eb53d02-5753-11ec-b901-acde48001122');
INSERT INTO cells.idm_acl_workspaces (id, name) VALUES (1, 'homepage');
INSERT INTO cells.idm_acl_workspaces (id, name) VALUES (3, 'PYDIO_REPO_SCOPE_ALL');
INSERT INTO cells.idm_acl_workspaces (id, name) VALUES (12, 'PYDIO_REPO_SCOPE_SHARED');
INSERT INTO cells.idm_acl_workspaces (id, name) VALUES (4, 'settings');

INSERT INTO cells.idm_acls (id, action_name, action_value, role_id, node_id, workspace_id, created_at, expires_at) VALUES (1, 'read', '1', 1, 1, 1, '2021-12-07 12:45:40', null);
INSERT INTO cells.idm_acls (id, action_name, action_value, role_id, node_id, workspace_id, created_at, expires_at) VALUES (2, 'write', '1', 1, 1, 1, '2021-12-07 12:45:40', null);
INSERT INTO cells.idm_acls (id, action_name, action_value, role_id, node_id, workspace_id, created_at, expires_at) VALUES (3, 'parameter:core.conf:lang', '"en-us"', 1, -1, 3, '2021-12-07 12:45:40', null);
INSERT INTO cells.idm_acls (id, action_name, action_value, role_id, node_id, workspace_id, created_at, expires_at) VALUES (4, 'read', '1', 4, 3, 4, '2021-12-07 12:45:41', null);
INSERT INTO cells.idm_acls (id, action_name, action_value, role_id, node_id, workspace_id, created_at, expires_at) VALUES (5, 'write', '1', 4, 3, 4, '2021-12-07 12:45:41', null);
INSERT INTO cells.idm_acls (id, action_name, action_value, role_id, node_id, workspace_id, created_at, expires_at) VALUES (6, 'deny', '1', 6, 1, 1, '2021-12-07 12:45:41', null);
INSERT INTO cells.idm_acls (id, action_name, action_value, role_id, node_id, workspace_id, created_at, expires_at) VALUES (7, 'action:action.share:share', 'false', 6, -1, 3, '2021-12-07 12:45:41', null);
INSERT INTO cells.idm_acls (id, action_name, action_value, role_id, node_id, workspace_id, created_at, expires_at) VALUES (8, 'action:action.share:share-edit-shared', 'false', 6, -1, 3, '2021-12-07 12:45:41', null);
INSERT INTO cells.idm_acls (id, action_name, action_value, role_id, node_id, workspace_id, created_at, expires_at) VALUES (9, 'action:action.share:open_user_shares', 'false', 6, -1, 3, '2021-12-07 12:45:41', null);
INSERT INTO cells.idm_acls (id, action_name, action_value, role_id, node_id, workspace_id, created_at, expires_at) VALUES (10, 'action:action.user:open_address_book', 'false', 6, -1, 3, '2021-12-07 12:45:42', null);
INSERT INTO cells.idm_acls (id, action_name, action_value, role_id, node_id, workspace_id, created_at, expires_at) VALUES (11, 'parameter:core.auth:USER_CREATE_CELLS', 'false', 6, -1, 3, '2021-12-07 12:45:42', null);
INSERT INTO cells.idm_acls (id, action_name, action_value, role_id, node_id, workspace_id, created_at, expires_at) VALUES (12, 'action:action.share:share', 'false', 12, -1, 12, '2021-12-07 12:45:42', null);
INSERT INTO cells.idm_acls (id, action_name, action_value, role_id, node_id, workspace_id, created_at, expires_at) VALUES (13, 'action:action.share:share-edit-shared', 'false', 12, -1, 12, '2021-12-07 12:45:42', null);
INSERT INTO cells.idm_acls (id, action_name, action_value, role_id, node_id, workspace_id, created_at, expires_at) VALUES (14, 'action:access.gateway:download', 'false', 14, -1, 12, '2021-12-07 12:45:42', null);
INSERT INTO cells.idm_acls (id, action_name, action_value, role_id, node_id, workspace_id, created_at, expires_at) VALUES (15, 'action:access.gateway:download_folder', 'false', 14, -1, 12, '2021-12-07 12:45:42', null);
INSERT INTO cells.idm_acls (id, action_name, action_value, role_id, node_id, workspace_id, created_at, expires_at) VALUES (16, 'read', '1', 1, 6, 16, '2021-12-07 12:46:52', null);
INSERT INTO cells.idm_acls (id, action_name, action_value, role_id, node_id, workspace_id, created_at, expires_at) VALUES (17, 'write', '1', 1, 6, 16, '2021-12-07 12:46:52', null);
INSERT INTO cells.idm_acls (id, action_name, action_value, role_id, node_id, workspace_id, created_at, expires_at) VALUES (18, 'workspace-path', 'my-files', -1, 6, 16, '2021-12-07 12:46:52', null);
INSERT INTO cells.idm_acls (id, action_name, action_value, role_id, node_id, workspace_id, created_at, expires_at) VALUES (19, 'recycle_root', '1', -1, 6, 16, '2021-12-07 12:46:52', null);
INSERT INTO cells.idm_acls (id, action_name, action_value, role_id, node_id, workspace_id, created_at, expires_at) VALUES (20, 'read', '1', 1, 10, 20, '2021-12-07 12:46:52', null);
INSERT INTO cells.idm_acls (id, action_name, action_value, role_id, node_id, workspace_id, created_at, expires_at) VALUES (21, 'write', '1', 1, 10, 20, '2021-12-07 12:46:52', null);
INSERT INTO cells.idm_acls (id, action_name, action_value, role_id, node_id, workspace_id, created_at, expires_at) VALUES (22, 'workspace-path', 'pydiods1', -1, 10, 20, '2021-12-07 12:46:52', null);
INSERT INTO cells.idm_acls (id, action_name, action_value, role_id, node_id, workspace_id, created_at, expires_at) VALUES (23, 'recycle_root', '1', -1, 10, 20, '2021-12-07 12:46:52', null);

INSERT INTO cells.idm_roles (uuid, label, team_role, group_role, user_role, last_updated, auto_applies, override) VALUES ('31031d63-341d-4fb5-b0b3-fad2533855bc', 'admin role', 0, 0, 1, 1638877573, '', 0);
INSERT INTO cells.idm_roles (uuid, label, team_role, group_role, user_role, last_updated, auto_applies, override) VALUES ('68e315b6-0389-461f-89d3-baf067782484', 'pydio.anon.user role', 0, 0, 1, 1638877573, '', 0);
INSERT INTO cells.idm_roles (uuid, label, team_role, group_role, user_role, last_updated, auto_applies, override) VALUES ('ADMINS', 'Administrators', 0, 0, 0, 1638877540, 'admin', 0);
INSERT INTO cells.idm_roles (uuid, label, team_role, group_role, user_role, last_updated, auto_applies, override) VALUES ('EXTERNAL_USERS', 'External Users', 0, 0, 0, 1638877541, 'shared', 0);
INSERT INTO cells.idm_roles (uuid, label, team_role, group_role, user_role, last_updated, auto_applies, override) VALUES ('MINISITE', 'Minisite Permissions', 0, 0, 0, 1638877542, '', 0);
INSERT INTO cells.idm_roles (uuid, label, team_role, group_role, user_role, last_updated, auto_applies, override) VALUES ('MINISITE_NODOWNLOAD', 'Minisite (Download Disabled)', 0, 0, 0, 1638877542, '', 0);
INSERT INTO cells.idm_roles (uuid, label, team_role, group_role, user_role, last_updated, auto_applies, override) VALUES ('ROOT_GROUP', 'Root Group', 0, 1, 0, 1638877540, '', 0);

INSERT INTO cells.idm_role_policies (id, resource, action, subject, effect, conditions) VALUES (1, 'ROOT_GROUP', 'READ', '*', 'allow', '');
INSERT INTO cells.idm_role_policies (id, resource, action, subject, effect, conditions) VALUES (2, 'ROOT_GROUP', 'WRITE', 'profile:admin', 'allow', '');
INSERT INTO cells.idm_role_policies (id, resource, action, subject, effect, conditions) VALUES (3, 'ADMINS', 'READ', '*', 'allow', '');
INSERT INTO cells.idm_role_policies (id, resource, action, subject, effect, conditions) VALUES (4, 'ADMINS', 'WRITE', 'profile:admin', 'allow', '');
INSERT INTO cells.idm_role_policies (id, resource, action, subject, effect, conditions) VALUES (5, 'EXTERNAL_USERS', 'READ', '*', 'allow', '');
INSERT INTO cells.idm_role_policies (id, resource, action, subject, effect, conditions) VALUES (6, 'EXTERNAL_USERS', 'WRITE', 'profile:standard', 'allow', '');
INSERT INTO cells.idm_role_policies (id, resource, action, subject, effect, conditions) VALUES (7, 'MINISITE', 'READ', '*', 'allow', '');
INSERT INTO cells.idm_role_policies (id, resource, action, subject, effect, conditions) VALUES (8, 'MINISITE', 'WRITE', 'profile:admin', 'allow', '');
INSERT INTO cells.idm_role_policies (id, resource, action, subject, effect, conditions) VALUES (9, 'MINISITE_NODOWNLOAD', 'READ', '*', 'allow', '');
INSERT INTO cells.idm_role_policies (id, resource, action, subject, effect, conditions) VALUES (10, 'MINISITE_NODOWNLOAD', 'WRITE', 'profile:admin', 'allow', '');
INSERT INTO cells.idm_role_policies (id, resource, action, subject, effect, conditions) VALUES (11, '31031d63-341d-4fb5-b0b3-fad2533855bc', 'READ', 'profile:standard', 'allow', '');
INSERT INTO cells.idm_role_policies (id, resource, action, subject, effect, conditions) VALUES (12, '31031d63-341d-4fb5-b0b3-fad2533855bc', 'WRITE', 'user:admin', 'allow', '');
INSERT INTO cells.idm_role_policies (id, resource, action, subject, effect, conditions) VALUES (13, '31031d63-341d-4fb5-b0b3-fad2533855bc', 'WRITE', 'profile:admin', 'allow', '');
INSERT INTO cells.idm_role_policies (id, resource, action, subject, effect, conditions) VALUES (14, '68e315b6-0389-461f-89d3-baf067782484', 'READ', 'user:pydio.anon.user', 'allow', '');
INSERT INTO cells.idm_role_policies (id, resource, action, subject, effect, conditions) VALUES (15, '68e315b6-0389-461f-89d3-baf067782484', 'READ', 'profile:admin', 'allow', '');
INSERT INTO cells.idm_role_policies (id, resource, action, subject, effect, conditions) VALUES (16, '68e315b6-0389-461f-89d3-baf067782484', 'WRITE', 'profile:admin', 'allow', '');


INSERT INTO cells.ladon_action (id, has_regex, compiled, template) VALUES ('10fd874b68dad080ed706762c8e163dabb20514bddae38fb159c56f714a3b143', 1, '^write$', 'write');
INSERT INTO cells.ladon_action (id, has_regex, compiled, template) VALUES ('14e30cd163c732912e048c4c837e15c4e90c062ebb795ab947d57706e2d10dd8', 1, '^GET$', 'GET');
INSERT INTO cells.ladon_action (id, has_regex, compiled, template) VALUES ('3316348dbadfb7b11c7c2ea235949419e23f9fa898ad2c198f999617912a9925', 1, '^read$', 'read');
INSERT INTO cells.ladon_action (id, has_regex, compiled, template) VALUES ('428821350e9691491f616b754cd8315fb86d797ab35d843479e732ef90665324', 1, '^login$', 'login');
INSERT INTO cells.ladon_action (id, has_regex, compiled, template) VALUES ('65daeb378bdec35d90224389f6e10917bcc0b94c90c489014ba156dd6cbf9350', 1, '^DELETE$', 'DELETE');
INSERT INTO cells.ladon_action (id, has_regex, compiled, template) VALUES ('8dce33b49f31396a100fb4baf9f8a5dd5d27a4e29d3e244b8eb7b3ae3e619d2c', 1, '^PATCH$', 'PATCH');
INSERT INTO cells.ladon_action (id, has_regex, compiled, template) VALUES ('907bf9a40f9ce9967d9811779df472faa3c5418d189735e007761e04447e5e19', 1, '^PUT$', 'PUT');
INSERT INTO cells.ladon_action (id, has_regex, compiled, template) VALUES ('9aee6b1bcdf617d8e39bb1f2b624c68ea33deb9d48e0364aeaded836d3d00293', 1, '^POST$', 'POST');

INSERT INTO cells.ladon_subject (id, has_regex, compiled, template) VALUES ('09b89c9de28716a5a20658e09aa84faf177cda2ae7af722b95ac91b4c8510de0', 1, '^profile:admin$', 'profile:admin');
INSERT INTO cells.ladon_subject (id, has_regex, compiled, template) VALUES ('167bcccb9056cccdce191bf7d2c13ec58f10d646dfadefdaca09c5ffacd61ba2', 1, '^profile:standard$', 'profile:standard');
INSERT INTO cells.ladon_subject (id, has_regex, compiled, template) VALUES ('5a848a2e24a03bbc50af57e5ebe5d059e3664f85a59baa619e269c66920ef22e', 1, '^profile:(.+)$', 'profile:<.+>');
INSERT INTO cells.ladon_subject (id, has_regex, compiled, template) VALUES ('76978752ef0b46453ca3744574169a780079ed078069901540623938461be448', 1, '^policy:no-access-after-acl-policy$', 'policy:no-access-after-acl-policy');
INSERT INTO cells.ladon_subject (id, has_regex, compiled, template) VALUES ('82060e433e9522b7f65c9ca87dc5772c5255b6f0ffa7519e6e376356bf0031aa', 1, '^policy:no-external-access-acl-policy$', 'policy:no-external-access-acl-policy');
INSERT INTO cells.ladon_subject (id, has_regex, compiled, template) VALUES ('9444ea61cf1baad76c313c5bf112482602d2518d15bb7492a5f5c97629a39bc8', 1, '^policy:office-hours-access-acl-policy$', 'policy:office-hours-access-acl-policy');
INSERT INTO cells.ladon_subject (id, has_regex, compiled, template) VALUES ('9d11007a3b8a8e18e1732c705433de49effcbe7369d1d61471b3ab2f950f6aa8', 1, '^policy:limited-period-access-acl-policy2$', 'policy:limited-period-access-acl-policy2');
INSERT INTO cells.ladon_subject (id, has_regex, compiled, template) VALUES ('b6cd4b112124235bf7c58b6ece2a57b6301cdeda05158eb30865d93b83c2fc89', 1, '^profile:anon$', 'profile:anon');
INSERT INTO cells.ladon_subject (id, has_regex, compiled, template) VALUES ('c73d1bec74876b3003136bee2c331995066a27a275792b1f3f85d077a207dc0d', 1, '^user:(.+)$', 'user:<.+>');
INSERT INTO cells.ladon_subject (id, has_regex, compiled, template) VALUES ('e371631c344378189422fe857b7352142487c6b1b3de5acb0b108bb1bfa0bb96', 1, '^policy:sample-acl-policy$', 'policy:sample-acl-policy');
INSERT INTO cells.ladon_subject (id, has_regex, compiled, template) VALUES ('f00881c5e83c5b73e10e5068ad495a970aceeaab06b43645aba2a8e23186f3b8', 1, '^profile:shared$', 'profile:shared');
INSERT INTO cells.ladon_subject (id, has_regex, compiled, template) VALUES ('ff5e380332bd4e4b25546bd419085c3990c1b1b2376fa61d98b3f7dbdfa416d6', 1, '^role:(.+)$', 'role:<.+>');

INSERT INTO cells.ladon_resource (id, has_regex, compiled, template) VALUES ('10cd4e6f5dc1ad5f66f777b97f8afea740a05adee8e9460d742c15386fb8a270', 1, '^rest:/user$', 'rest:/user');
INSERT INTO cells.ladon_resource (id, has_regex, compiled, template) VALUES ('21bc92b8bef0f88351b5469a9b0472810417b77fadb53bfe3b1c8aa17764847f', 1, '^rest:/user-meta/update$', 'rest:/user-meta/update');
INSERT INTO cells.ladon_resource (id, has_regex, compiled, template) VALUES ('22963b2233901aa5597a5520d3061aa165cca2e130c881e3067a67d6f1d595ac', 1, '^rest:/frontend/binaries/GLOBAL/(.*)$', 'rest:/frontend/binaries/GLOBAL/<.*>');
INSERT INTO cells.ladon_resource (id, has_regex, compiled, template) VALUES ('2344f08e51026cf9ab687357a588e941f1a861cfed58272911c2288a7ab1f52b', 1, '^acl$', 'acl');
INSERT INTO cells.ladon_resource (id, has_regex, compiled, template) VALUES ('2c84d8ea3607c75993408b3201ffb1c0c964b97f9c8730b1c10fb967ac60150e', 1, '^rest:/frontend/messages/(.*)$', 'rest:/frontend/messages/<.*>');
INSERT INTO cells.ladon_resource (id, has_regex, compiled, template) VALUES ('30a878242ffe35ab25bf658d32e271c3dc050beadbfde50bdb98e377a56ebe89', 1, '^rest:/frontend/binaries/USER/(.+)$', 'rest:/frontend/binaries/USER/<.+>');
INSERT INTO cells.ladon_resource (id, has_regex, compiled, template) VALUES ('32441a916ff082911c6b2341554983e81a8cb126797592886221cf5ad9363982', 1, '^rest:/frontend/enroll$', 'rest:/frontend/enroll');
INSERT INTO cells.ladon_resource (id, has_regex, compiled, template) VALUES ('38da73d246775025fd4f0a76b6df6fe9137da068e8fbb36533b90217463c7ecd', 1, '^rest:/tree/selection$', 'rest:/tree/selection');
INSERT INTO cells.ladon_resource (id, has_regex, compiled, template) VALUES ('3fac3ef00fc2e146b4fba063d7ad9cbe9fafb8b0682826d222cf2a87c7394c46', 1, '^rest:/workspace$', 'rest:/workspace');
INSERT INTO cells.ladon_resource (id, has_regex, compiled, template) VALUES ('3fd65edbc549cdf19d7bd19920d1fd5ea85052a55ac2c9f9de63f683f11c3248', 1, '^rest:/frontend/bootconf$', 'rest:/frontend/bootconf');
INSERT INTO cells.ladon_resource (id, has_regex, compiled, template) VALUES ('3fefc1c92cd171f78e8a06a72af7887a7cbc356ec8a1debd47d00fc1718b3f97', 1, '^rest:/templates$', 'rest:/templates');
INSERT INTO cells.ladon_resource (id, has_regex, compiled, template) VALUES ('453d5038ec3a971d935bad1ae789b238a484cd3b940362aca7df33465438214f', 1, '^rest:/auth/reset-password(.*)$', 'rest:/auth/reset-password<.*>');
INSERT INTO cells.ladon_resource (id, has_regex, compiled, template) VALUES ('45809e200ddb1c5d7c83be8bc0f0cc4e75be95d0ccda0060e9ff2668a91814aa', 1, '^rest:/role$', 'rest:/role');
INSERT INTO cells.ladon_resource (id, has_regex, compiled, template) VALUES ('4dcdefd0d389cd15882de8a808334bb06a586b7a74fd0932d0e13fdb945e223c', 1, '^oidc$', 'oidc');
INSERT INTO cells.ladon_resource (id, has_regex, compiled, template) VALUES ('5aec28b071920dcee89b0161984e436e7f0309ef590ad51dbdf4d4e5ed53d7cd', 1, '^rest:/frontend/session$', 'rest:/frontend/session');
INSERT INTO cells.ladon_resource (id, has_regex, compiled, template) VALUES ('5ffea77139f1f69c047e04359560ebb0ca1a49138240fbc00d917aa80cddc752', 1, '^rest:/graph(.+)$', 'rest:/graph<.+>');
INSERT INTO cells.ladon_resource (id, has_regex, compiled, template) VALUES ('66660d71e8a1a3f2be54c5a7063cf254d04fd34538bbfba01913dc3fda47dfdd', 1, '^rest:/tree/create$', 'rest:/tree/create');
INSERT INTO cells.ladon_resource (id, has_regex, compiled, template) VALUES ('6bf66faae4a351d1725af93cd86772bfbb909b099e98855dc9be47b92e3e0048', 1, '^rest:/changes$', 'rest:/changes');
INSERT INTO cells.ladon_resource (id, has_regex, compiled, template) VALUES ('7493adfc1bb148ccdb0eb264a49c2d85d64aae6aa01a7518942dd981e9a53394', 1, '^rest:/jobs/user$', 'rest:/jobs/user');
INSERT INTO cells.ladon_resource (id, has_regex, compiled, template) VALUES ('799e765ec956e8b2a57858ff8dc494fe477a9919f38b48e5dc1de9fb1c023468', 1, '^rest:/tree/delete$', 'rest:/tree/delete');
INSERT INTO cells.ladon_resource (id, has_regex, compiled, template) VALUES ('85d6f518ee837d134f3c6fbab369bff25b9b8a53ce290a39d810b9187a4fd437', 1, '^rest:(.+)$', 'rest:<.+>');
INSERT INTO cells.ladon_resource (id, has_regex, compiled, template) VALUES ('8ba6fcf0672c8c16d58e689aac70ddc4e7832515eaa9dbd9fda1d46b89a03c88', 1, '^rest:/meta(.+)$', 'rest:/meta<.+>');
INSERT INTO cells.ladon_resource (id, has_regex, compiled, template) VALUES ('8d2ff2120a69fc800beff07f164223f324b619800f0b4e28c8b710587e94e11d', 1, '^rest:/user-meta/search$', 'rest:/user-meta/search');
INSERT INTO cells.ladon_resource (id, has_regex, compiled, template) VALUES ('8efafece2f87ab3567caf3a1adb5fdc2fce5c5ac47c96c6b5edbd4878dd0a5fe', 1, '^rest:/config/discovery(.*)$', 'rest:/config/discovery<.*>');
INSERT INTO cells.ladon_resource (id, has_regex, compiled, template) VALUES ('90d309b54c01ccbb4957d2d829c6a3363873cc9902bf63960f703f37ee8d886c', 1, '^rest:/frontend/plugins/(.*)$', 'rest:/frontend/plugins/<.*>');
INSERT INTO cells.ladon_resource (id, has_regex, compiled, template) VALUES ('91c0b5d68a4375ada85ced14b1c3a9ebb2e962e5cb06f1387b79cbe1d8d22a9b', 1, '^rest:/install$', 'rest:/install');
INSERT INTO cells.ladon_resource (id, has_regex, compiled, template) VALUES ('a00599b027c3fa0043a7329ab179a772832f02772475c1cc26fd1ee3b265763d', 1, '^rest:/mailer/send$', 'rest:/mailer/send');
INSERT INTO cells.ladon_resource (id, has_regex, compiled, template) VALUES ('a8ddc7e80bb448532fb4cb99a298dd48d466fa3cb6f00ce99af82a5468f4240b', 1, '^rest:/tree/restore$', 'rest:/tree/restore');
INSERT INTO cells.ladon_resource (id, has_regex, compiled, template) VALUES ('adbbf85ef4497fface62ca4b223b8761c1ca0f92b157b7baedd9fad4ec44b44e', 1, '^rest:/share(.+)$', 'rest:/share<.+>');
INSERT INTO cells.ladon_resource (id, has_regex, compiled, template) VALUES ('b2879b4f3ef265fdd2d0705368c8cf14794f66d7bd7d5eb5597499f2548cf67a', 1, '^rest:/user/(.+)$', 'rest:/user/<.+>');
INSERT INTO cells.ladon_resource (id, has_regex, compiled, template) VALUES ('b46013323b8a9e578aacca0f395b03ff373a865b78e095e188ba6aff902bbc4f', 1, '^rest:/role/(.+)$', 'rest:/role/<.+>');
INSERT INTO cells.ladon_resource (id, has_regex, compiled, template) VALUES ('b609d4685367694b9d6e3a4cbacb254a4812359d9da31499c3c12ad8f6444313', 1, '^rest:/activity(.+)$', 'rest:/activity<.+>');
INSERT INTO cells.ladon_resource (id, has_regex, compiled, template) VALUES ('c05a60b63cc4ac9c54165a29e2f57fb3def6b95bd330ce3f70f49eab48eb14d0', 1, '^rest:/frontend/state$', 'rest:/frontend/state');
INSERT INTO cells.ladon_resource (id, has_regex, compiled, template) VALUES ('c72130aabd0a8e98a5d0ebf89c43a776c2cd6a6d2d68ded23a13c78322b11324', 1, '^rest:/user-meta/tags/(.+)$', 'rest:/user-meta/tags/<.+>');
INSERT INTO cells.ladon_resource (id, has_regex, compiled, template) VALUES ('cb504334ec5ff15d89294b44a6f20155d75ce2fdc696e738892624eb94612678', 1, '^rest:/search/nodes$', 'rest:/search/nodes');
INSERT INTO cells.ladon_resource (id, has_regex, compiled, template) VALUES ('cbf320d1dbed265aa439ab4234ac5e50e2d05a6af891d39856ca0768b4b6cdf1', 1, '^rest:/user-meta/namespace$', 'rest:/user-meta/namespace');
INSERT INTO cells.ladon_resource (id, has_regex, compiled, template) VALUES ('cc128486ee8d01717627e0fb1ceb28fc573303546595884ab6df62386bb02ef0', 1, '^rest:/changes(.+)$', 'rest:/changes<.+>');
INSERT INTO cells.ladon_resource (id, has_regex, compiled, template) VALUES ('ce2b0306c1ed87ba6bb547fe51050b92311271945d61147953bf31407144228a', 1, '^rest:/tree/stats$', 'rest:/tree/stats');
INSERT INTO cells.ladon_resource (id, has_regex, compiled, template) VALUES ('eabbc31911b1a15ffa29f22f5177fe1a0c59e4c68094409053badc2787722813', 1, '^rest:/frontend/login/connectors$', 'rest:/frontend/login/connectors');
INSERT INTO cells.ladon_resource (id, has_regex, compiled, template) VALUES ('f303d1de1cc0289c70d83a314b3af454b59f084b27f9794bf3a51c28333fa143', 1, '^rest:/frontend/(.*)$', 'rest:/frontend/<.*>');
INSERT INTO cells.ladon_resource (id, has_regex, compiled, template) VALUES ('f4e22b699e83ca4d9cab03a813f26a2b4edb7c22a323bc9564619c8f89ab5252', 1, '^rest:/jobs/user(.+)$', 'rest:/jobs/user<.+>');
INSERT INTO cells.ladon_resource (id, has_regex, compiled, template) VALUES ('f71a07d93edcaca1efd8fc419a206f7aa53d6154e9b564d62c972d08c2a52bd5', 1, '^rest:/tree/stat/(.+)$', 'rest:/tree/stat/<.+>');
INSERT INTO cells.ladon_resource (id, has_regex, compiled, template) VALUES ('f9b265a777044eb93c2c96e684f9ff60984fd4cb17a402f2aaaa74ef9faf8aa4', 1, '^rest:/frontend/auth/state$', 'rest:/frontend/auth/state');
INSERT INTO cells.ladon_resource (id, has_regex, compiled, template) VALUES ('fc0b155f2d2fbf9eb49856a05e6976bcaf4f886fdd0e6c77674a7e8611ac6ba9', 1, '^rest:/auth/token/document$', 'rest:/auth/token/document');
INSERT INTO cells.ladon_resource (id, has_regex, compiled, template) VALUES ('fc3746bba30f4cf159a925dcd074881513b5e6c02e822d0b2e081fc4c1f66240', 1, '^rest:/user-meta/bookmarks$', 'rest:/user-meta/bookmarks');

INSERT INTO cells.ladon_policy (id, description, effect, conditions) VALUES ('acl-complex-rule1', 'PolicyGroup.ACLSample1.Rule1', 'allow', '{}');
INSERT INTO cells.ladon_policy (id, description, effect, conditions) VALUES ('acl-complex-rule2', 'PolicyGroup.ACLSample1.Rule2', 'deny', '{"NodeMetaName":{"type":"StringMatchCondition","options":{"matches":"target"}},"RemoteAddress":{"type":"StringNotMatchCondition","options":{"matches":"localhost|127.0.0.1|::1"}}}');
INSERT INTO cells.ladon_policy (id, description, effect, conditions) VALUES ('acl-complex-rule3', 'PolicyGroup.ACLSample1.Rule3', 'deny', '{"NodeMetaName":{"type":"StringMatchCondition","options":{"matches":"(.+)\\\\.png"}},"RemoteAddress":{"type":"StringNotMatchCondition","options":{"matches":"localhost|127.0.0.1|::1"}}}');
INSERT INTO cells.ladon_policy (id, description, effect, conditions) VALUES ('acl-complex-rule4', 'PolicyGroup.ACLSampleExternalIP.Rule1', 'allow', '{}');
INSERT INTO cells.ladon_policy (id, description, effect, conditions) VALUES ('acl-complex-rule5', 'PolicyGroup.ACLSampleExternalIP.Rule2', 'deny', '{"RemoteAddress":{"type":"StringNotMatchCondition","options":{"matches":"localhost|127.0.0.1|::1"}}}');
INSERT INTO cells.ladon_policy (id, description, effect, conditions) VALUES ('acl-date-rule1', 'PolicyGroup.ACLSampleDateDisable.Rule1', 'allow', '{}');
INSERT INTO cells.ladon_policy (id, description, effect, conditions) VALUES ('acl-date-rule2', 'PolicyGroup.ACLSampleDateDisable.Rule2', 'deny', '{"ServerTime":{"type":"DateAfterCondition","options":{"matches":"2018-02-28T23:59+0100"}}}');
INSERT INTO cells.ladon_policy (id, description, effect, conditions) VALUES ('acl-office-hours-rule', 'PolicyGroup.ACLSampleBusinessHours.Rule1', 'allow', '{"ClientTime":{"type":"OfficeHoursCondition","options":{"matches":"Monday-Friday/09:00/18:30"}}}');
INSERT INTO cells.ladon_policy (id, description, effect, conditions) VALUES ('acl-temporary-access2', 'PolicyGroup.ACLSamplePeriod.Rule1', 'allow', '{"ClientTime":{"type":"WithinPeriodCondition","options":{"matches":"2018-02-01T00:00+0100/2018-04-01T00:00+0100"}}}');
INSERT INTO cells.ladon_policy (id, description, effect, conditions) VALUES ('admin-default-policy', 'PolicyGroup.LoggedUsers.Rule1', 'allow', '{}');
INSERT INTO cells.ladon_policy (id, description, effect, conditions) VALUES ('all-users-login', 'PolicyGroup.OIDC.Rule1', 'allow', '{}');
INSERT INTO cells.ladon_policy (id, description, effect, conditions) VALUES ('discovery-policy', 'PolicyGroup.PublicAccess.Rule1', 'allow', '{}');
INSERT INTO cells.ladon_policy (id, description, effect, conditions) VALUES ('frontend-auth', 'PolicyGroup.PublicAccess.Rule4', 'allow', '{}');
INSERT INTO cells.ladon_policy (id, description, effect, conditions) VALUES ('frontend-post', 'PolicyGroup.LoggedUsers.Rule6', 'allow', '{}');
INSERT INTO cells.ladon_policy (id, description, effect, conditions) VALUES ('frontend-read', 'PolicyGroup.LoggedUsers.Rule5', 'allow', '{}');
INSERT INTO cells.ladon_policy (id, description, effect, conditions) VALUES ('frontend-state', 'PolicyGroup.PublicAccess.Rule3', 'allow', '{}');
INSERT INTO cells.ladon_policy (id, description, effect, conditions) VALUES ('install-policy', 'PolicyGroup.PublicInstall.Rule1', 'allow', '{}');
INSERT INTO cells.ladon_policy (id, description, effect, conditions) VALUES ('reset-password-policy', 'PolicyGroup.PublicAccess.Rule2', 'allow', '{}');
INSERT INTO cells.ladon_policy (id, description, effect, conditions) VALUES ('user-default-policy', 'PolicyGroup.LoggedUsers.Rule2', 'allow', '{}');
INSERT INTO cells.ladon_policy (id, description, effect, conditions) VALUES ('user-meta-put', 'PolicyGroup.LoggedUsers.Rule4', 'allow', '{}');
INSERT INTO cells.ladon_policy (id, description, effect, conditions) VALUES ('user-meta-read', 'PolicyGroup.LoggedUsers.Rule3', 'allow', '{}');

INSERT INTO cells.ladon_policy_action_rel (policy, action) VALUES ('acl-complex-rule1', '10fd874b68dad080ed706762c8e163dabb20514bddae38fb159c56f714a3b143');
INSERT INTO cells.ladon_policy_action_rel (policy, action) VALUES ('acl-complex-rule1', '3316348dbadfb7b11c7c2ea235949419e23f9fa898ad2c198f999617912a9925');
INSERT INTO cells.ladon_policy_action_rel (policy, action) VALUES ('acl-complex-rule2', '10fd874b68dad080ed706762c8e163dabb20514bddae38fb159c56f714a3b143');
INSERT INTO cells.ladon_policy_action_rel (policy, action) VALUES ('acl-complex-rule3', '3316348dbadfb7b11c7c2ea235949419e23f9fa898ad2c198f999617912a9925');
INSERT INTO cells.ladon_policy_action_rel (policy, action) VALUES ('acl-complex-rule4', '10fd874b68dad080ed706762c8e163dabb20514bddae38fb159c56f714a3b143');
INSERT INTO cells.ladon_policy_action_rel (policy, action) VALUES ('acl-complex-rule4', '3316348dbadfb7b11c7c2ea235949419e23f9fa898ad2c198f999617912a9925');
INSERT INTO cells.ladon_policy_action_rel (policy, action) VALUES ('acl-complex-rule5', '10fd874b68dad080ed706762c8e163dabb20514bddae38fb159c56f714a3b143');
INSERT INTO cells.ladon_policy_action_rel (policy, action) VALUES ('acl-complex-rule5', '3316348dbadfb7b11c7c2ea235949419e23f9fa898ad2c198f999617912a9925');
INSERT INTO cells.ladon_policy_action_rel (policy, action) VALUES ('acl-date-rule1', '10fd874b68dad080ed706762c8e163dabb20514bddae38fb159c56f714a3b143');
INSERT INTO cells.ladon_policy_action_rel (policy, action) VALUES ('acl-date-rule1', '3316348dbadfb7b11c7c2ea235949419e23f9fa898ad2c198f999617912a9925');
INSERT INTO cells.ladon_policy_action_rel (policy, action) VALUES ('acl-date-rule2', '10fd874b68dad080ed706762c8e163dabb20514bddae38fb159c56f714a3b143');
INSERT INTO cells.ladon_policy_action_rel (policy, action) VALUES ('acl-date-rule2', '3316348dbadfb7b11c7c2ea235949419e23f9fa898ad2c198f999617912a9925');
INSERT INTO cells.ladon_policy_action_rel (policy, action) VALUES ('acl-office-hours-rule', '10fd874b68dad080ed706762c8e163dabb20514bddae38fb159c56f714a3b143');
INSERT INTO cells.ladon_policy_action_rel (policy, action) VALUES ('acl-office-hours-rule', '3316348dbadfb7b11c7c2ea235949419e23f9fa898ad2c198f999617912a9925');
INSERT INTO cells.ladon_policy_action_rel (policy, action) VALUES ('acl-temporary-access2', '10fd874b68dad080ed706762c8e163dabb20514bddae38fb159c56f714a3b143');
INSERT INTO cells.ladon_policy_action_rel (policy, action) VALUES ('acl-temporary-access2', '3316348dbadfb7b11c7c2ea235949419e23f9fa898ad2c198f999617912a9925');
INSERT INTO cells.ladon_policy_action_rel (policy, action) VALUES ('admin-default-policy', '14e30cd163c732912e048c4c837e15c4e90c062ebb795ab947d57706e2d10dd8');
INSERT INTO cells.ladon_policy_action_rel (policy, action) VALUES ('admin-default-policy', '65daeb378bdec35d90224389f6e10917bcc0b94c90c489014ba156dd6cbf9350');
INSERT INTO cells.ladon_policy_action_rel (policy, action) VALUES ('admin-default-policy', '8dce33b49f31396a100fb4baf9f8a5dd5d27a4e29d3e244b8eb7b3ae3e619d2c');
INSERT INTO cells.ladon_policy_action_rel (policy, action) VALUES ('admin-default-policy', '907bf9a40f9ce9967d9811779df472faa3c5418d189735e007761e04447e5e19');
INSERT INTO cells.ladon_policy_action_rel (policy, action) VALUES ('admin-default-policy', '9aee6b1bcdf617d8e39bb1f2b624c68ea33deb9d48e0364aeaded836d3d00293');
INSERT INTO cells.ladon_policy_action_rel (policy, action) VALUES ('all-users-login', '428821350e9691491f616b754cd8315fb86d797ab35d843479e732ef90665324');
INSERT INTO cells.ladon_policy_action_rel (policy, action) VALUES ('discovery-policy', '14e30cd163c732912e048c4c837e15c4e90c062ebb795ab947d57706e2d10dd8');
INSERT INTO cells.ladon_policy_action_rel (policy, action) VALUES ('frontend-auth', '9aee6b1bcdf617d8e39bb1f2b624c68ea33deb9d48e0364aeaded836d3d00293');
INSERT INTO cells.ladon_policy_action_rel (policy, action) VALUES ('frontend-post', '9aee6b1bcdf617d8e39bb1f2b624c68ea33deb9d48e0364aeaded836d3d00293');
INSERT INTO cells.ladon_policy_action_rel (policy, action) VALUES ('frontend-read', '14e30cd163c732912e048c4c837e15c4e90c062ebb795ab947d57706e2d10dd8');
INSERT INTO cells.ladon_policy_action_rel (policy, action) VALUES ('frontend-state', '14e30cd163c732912e048c4c837e15c4e90c062ebb795ab947d57706e2d10dd8');
INSERT INTO cells.ladon_policy_action_rel (policy, action) VALUES ('install-policy', '14e30cd163c732912e048c4c837e15c4e90c062ebb795ab947d57706e2d10dd8');
INSERT INTO cells.ladon_policy_action_rel (policy, action) VALUES ('install-policy', '9aee6b1bcdf617d8e39bb1f2b624c68ea33deb9d48e0364aeaded836d3d00293');
INSERT INTO cells.ladon_policy_action_rel (policy, action) VALUES ('reset-password-policy', '907bf9a40f9ce9967d9811779df472faa3c5418d189735e007761e04447e5e19');
INSERT INTO cells.ladon_policy_action_rel (policy, action) VALUES ('reset-password-policy', '9aee6b1bcdf617d8e39bb1f2b624c68ea33deb9d48e0364aeaded836d3d00293');
INSERT INTO cells.ladon_policy_action_rel (policy, action) VALUES ('user-default-policy', '14e30cd163c732912e048c4c837e15c4e90c062ebb795ab947d57706e2d10dd8');
INSERT INTO cells.ladon_policy_action_rel (policy, action) VALUES ('user-default-policy', '65daeb378bdec35d90224389f6e10917bcc0b94c90c489014ba156dd6cbf9350');
INSERT INTO cells.ladon_policy_action_rel (policy, action) VALUES ('user-default-policy', '8dce33b49f31396a100fb4baf9f8a5dd5d27a4e29d3e244b8eb7b3ae3e619d2c');
INSERT INTO cells.ladon_policy_action_rel (policy, action) VALUES ('user-default-policy', '907bf9a40f9ce9967d9811779df472faa3c5418d189735e007761e04447e5e19');
INSERT INTO cells.ladon_policy_action_rel (policy, action) VALUES ('user-default-policy', '9aee6b1bcdf617d8e39bb1f2b624c68ea33deb9d48e0364aeaded836d3d00293');
INSERT INTO cells.ladon_policy_action_rel (policy, action) VALUES ('user-meta-put', '907bf9a40f9ce9967d9811779df472faa3c5418d189735e007761e04447e5e19');
INSERT INTO cells.ladon_policy_action_rel (policy, action) VALUES ('user-meta-read', '14e30cd163c732912e048c4c837e15c4e90c062ebb795ab947d57706e2d10dd8');
INSERT INTO cells.ladon_policy_action_rel (policy, action) VALUES ('user-meta-read', '9aee6b1bcdf617d8e39bb1f2b624c68ea33deb9d48e0364aeaded836d3d00293');

INSERT INTO cells.ladon_policy_resource_rel (policy, resource) VALUES ('acl-complex-rule1', '2344f08e51026cf9ab687357a588e941f1a861cfed58272911c2288a7ab1f52b');
INSERT INTO cells.ladon_policy_resource_rel (policy, resource) VALUES ('acl-complex-rule2', '2344f08e51026cf9ab687357a588e941f1a861cfed58272911c2288a7ab1f52b');
INSERT INTO cells.ladon_policy_resource_rel (policy, resource) VALUES ('acl-complex-rule3', '2344f08e51026cf9ab687357a588e941f1a861cfed58272911c2288a7ab1f52b');
INSERT INTO cells.ladon_policy_resource_rel (policy, resource) VALUES ('acl-complex-rule4', '2344f08e51026cf9ab687357a588e941f1a861cfed58272911c2288a7ab1f52b');
INSERT INTO cells.ladon_policy_resource_rel (policy, resource) VALUES ('acl-complex-rule5', '2344f08e51026cf9ab687357a588e941f1a861cfed58272911c2288a7ab1f52b');
INSERT INTO cells.ladon_policy_resource_rel (policy, resource) VALUES ('acl-date-rule1', '2344f08e51026cf9ab687357a588e941f1a861cfed58272911c2288a7ab1f52b');
INSERT INTO cells.ladon_policy_resource_rel (policy, resource) VALUES ('acl-date-rule2', '2344f08e51026cf9ab687357a588e941f1a861cfed58272911c2288a7ab1f52b');
INSERT INTO cells.ladon_policy_resource_rel (policy, resource) VALUES ('acl-office-hours-rule', '2344f08e51026cf9ab687357a588e941f1a861cfed58272911c2288a7ab1f52b');
INSERT INTO cells.ladon_policy_resource_rel (policy, resource) VALUES ('acl-temporary-access2', '2344f08e51026cf9ab687357a588e941f1a861cfed58272911c2288a7ab1f52b');
INSERT INTO cells.ladon_policy_resource_rel (policy, resource) VALUES ('admin-default-policy', '85d6f518ee837d134f3c6fbab369bff25b9b8a53ce290a39d810b9187a4fd437');
INSERT INTO cells.ladon_policy_resource_rel (policy, resource) VALUES ('all-users-login', '4dcdefd0d389cd15882de8a808334bb06a586b7a74fd0932d0e13fdb945e223c');
INSERT INTO cells.ladon_policy_resource_rel (policy, resource) VALUES ('discovery-policy', '8efafece2f87ab3567caf3a1adb5fdc2fce5c5ac47c96c6b5edbd4878dd0a5fe');
INSERT INTO cells.ladon_policy_resource_rel (policy, resource) VALUES ('frontend-auth', '5aec28b071920dcee89b0161984e436e7f0309ef590ad51dbdf4d4e5ed53d7cd');
INSERT INTO cells.ladon_policy_resource_rel (policy, resource) VALUES ('frontend-post', '30a878242ffe35ab25bf658d32e271c3dc050beadbfde50bdb98e377a56ebe89');
INSERT INTO cells.ladon_policy_resource_rel (policy, resource) VALUES ('frontend-post', '32441a916ff082911c6b2341554983e81a8cb126797592886221cf5ad9363982');
INSERT INTO cells.ladon_policy_resource_rel (policy, resource) VALUES ('frontend-post', '5aec28b071920dcee89b0161984e436e7f0309ef590ad51dbdf4d4e5ed53d7cd');
INSERT INTO cells.ladon_policy_resource_rel (policy, resource) VALUES ('frontend-read', 'f303d1de1cc0289c70d83a314b3af454b59f084b27f9794bf3a51c28333fa143');
INSERT INTO cells.ladon_policy_resource_rel (policy, resource) VALUES ('frontend-state', '22963b2233901aa5597a5520d3061aa165cca2e130c881e3067a67d6f1d595ac');
INSERT INTO cells.ladon_policy_resource_rel (policy, resource) VALUES ('frontend-state', '2c84d8ea3607c75993408b3201ffb1c0c964b97f9c8730b1c10fb967ac60150e');
INSERT INTO cells.ladon_policy_resource_rel (policy, resource) VALUES ('frontend-state', '3fd65edbc549cdf19d7bd19920d1fd5ea85052a55ac2c9f9de63f683f11c3248');
INSERT INTO cells.ladon_policy_resource_rel (policy, resource) VALUES ('frontend-state', '90d309b54c01ccbb4957d2d829c6a3363873cc9902bf63960f703f37ee8d886c');
INSERT INTO cells.ladon_policy_resource_rel (policy, resource) VALUES ('frontend-state', 'c05a60b63cc4ac9c54165a29e2f57fb3def6b95bd330ce3f70f49eab48eb14d0');
INSERT INTO cells.ladon_policy_resource_rel (policy, resource) VALUES ('frontend-state', 'eabbc31911b1a15ffa29f22f5177fe1a0c59e4c68094409053badc2787722813');
INSERT INTO cells.ladon_policy_resource_rel (policy, resource) VALUES ('frontend-state', 'f9b265a777044eb93c2c96e684f9ff60984fd4cb17a402f2aaaa74ef9faf8aa4');
INSERT INTO cells.ladon_policy_resource_rel (policy, resource) VALUES ('install-policy', '91c0b5d68a4375ada85ced14b1c3a9ebb2e962e5cb06f1387b79cbe1d8d22a9b');
INSERT INTO cells.ladon_policy_resource_rel (policy, resource) VALUES ('reset-password-policy', '453d5038ec3a971d935bad1ae789b238a484cd3b940362aca7df33465438214f');
INSERT INTO cells.ladon_policy_resource_rel (policy, resource) VALUES ('user-default-policy', '10cd4e6f5dc1ad5f66f777b97f8afea740a05adee8e9460d742c15386fb8a270');
INSERT INTO cells.ladon_policy_resource_rel (policy, resource) VALUES ('user-default-policy', '38da73d246775025fd4f0a76b6df6fe9137da068e8fbb36533b90217463c7ecd');
INSERT INTO cells.ladon_policy_resource_rel (policy, resource) VALUES ('user-default-policy', '3fac3ef00fc2e146b4fba063d7ad9cbe9fafb8b0682826d222cf2a87c7394c46');
INSERT INTO cells.ladon_policy_resource_rel (policy, resource) VALUES ('user-default-policy', '3fefc1c92cd171f78e8a06a72af7887a7cbc356ec8a1debd47d00fc1718b3f97');
INSERT INTO cells.ladon_policy_resource_rel (policy, resource) VALUES ('user-default-policy', '45809e200ddb1c5d7c83be8bc0f0cc4e75be95d0ccda0060e9ff2668a91814aa');
INSERT INTO cells.ladon_policy_resource_rel (policy, resource) VALUES ('user-default-policy', '5ffea77139f1f69c047e04359560ebb0ca1a49138240fbc00d917aa80cddc752');
INSERT INTO cells.ladon_policy_resource_rel (policy, resource) VALUES ('user-default-policy', '66660d71e8a1a3f2be54c5a7063cf254d04fd34538bbfba01913dc3fda47dfdd');
INSERT INTO cells.ladon_policy_resource_rel (policy, resource) VALUES ('user-default-policy', '6bf66faae4a351d1725af93cd86772bfbb909b099e98855dc9be47b92e3e0048');
INSERT INTO cells.ladon_policy_resource_rel (policy, resource) VALUES ('user-default-policy', '7493adfc1bb148ccdb0eb264a49c2d85d64aae6aa01a7518942dd981e9a53394');
INSERT INTO cells.ladon_policy_resource_rel (policy, resource) VALUES ('user-default-policy', '799e765ec956e8b2a57858ff8dc494fe477a9919f38b48e5dc1de9fb1c023468');
INSERT INTO cells.ladon_policy_resource_rel (policy, resource) VALUES ('user-default-policy', '8ba6fcf0672c8c16d58e689aac70ddc4e7832515eaa9dbd9fda1d46b89a03c88');
INSERT INTO cells.ladon_policy_resource_rel (policy, resource) VALUES ('user-default-policy', 'a00599b027c3fa0043a7329ab179a772832f02772475c1cc26fd1ee3b265763d');
INSERT INTO cells.ladon_policy_resource_rel (policy, resource) VALUES ('user-default-policy', 'a8ddc7e80bb448532fb4cb99a298dd48d466fa3cb6f00ce99af82a5468f4240b');
INSERT INTO cells.ladon_policy_resource_rel (policy, resource) VALUES ('user-default-policy', 'adbbf85ef4497fface62ca4b223b8761c1ca0f92b157b7baedd9fad4ec44b44e');
INSERT INTO cells.ladon_policy_resource_rel (policy, resource) VALUES ('user-default-policy', 'b2879b4f3ef265fdd2d0705368c8cf14794f66d7bd7d5eb5597499f2548cf67a');
INSERT INTO cells.ladon_policy_resource_rel (policy, resource) VALUES ('user-default-policy', 'b46013323b8a9e578aacca0f395b03ff373a865b78e095e188ba6aff902bbc4f');
INSERT INTO cells.ladon_policy_resource_rel (policy, resource) VALUES ('user-default-policy', 'b609d4685367694b9d6e3a4cbacb254a4812359d9da31499c3c12ad8f6444313');
INSERT INTO cells.ladon_policy_resource_rel (policy, resource) VALUES ('user-default-policy', 'cb504334ec5ff15d89294b44a6f20155d75ce2fdc696e738892624eb94612678');
INSERT INTO cells.ladon_policy_resource_rel (policy, resource) VALUES ('user-default-policy', 'cc128486ee8d01717627e0fb1ceb28fc573303546595884ab6df62386bb02ef0');
INSERT INTO cells.ladon_policy_resource_rel (policy, resource) VALUES ('user-default-policy', 'ce2b0306c1ed87ba6bb547fe51050b92311271945d61147953bf31407144228a');
INSERT INTO cells.ladon_policy_resource_rel (policy, resource) VALUES ('user-default-policy', 'f4e22b699e83ca4d9cab03a813f26a2b4edb7c22a323bc9564619c8f89ab5252');
INSERT INTO cells.ladon_policy_resource_rel (policy, resource) VALUES ('user-default-policy', 'f71a07d93edcaca1efd8fc419a206f7aa53d6154e9b564d62c972d08c2a52bd5');
INSERT INTO cells.ladon_policy_resource_rel (policy, resource) VALUES ('user-default-policy', 'fc0b155f2d2fbf9eb49856a05e6976bcaf4f886fdd0e6c77674a7e8611ac6ba9');
INSERT INTO cells.ladon_policy_resource_rel (policy, resource) VALUES ('user-meta-put', '21bc92b8bef0f88351b5469a9b0472810417b77fadb53bfe3b1c8aa17764847f');
INSERT INTO cells.ladon_policy_resource_rel (policy, resource) VALUES ('user-meta-read', '8d2ff2120a69fc800beff07f164223f324b619800f0b4e28c8b710587e94e11d');
INSERT INTO cells.ladon_policy_resource_rel (policy, resource) VALUES ('user-meta-read', 'c72130aabd0a8e98a5d0ebf89c43a776c2cd6a6d2d68ded23a13c78322b11324');
INSERT INTO cells.ladon_policy_resource_rel (policy, resource) VALUES ('user-meta-read', 'cbf320d1dbed265aa439ab4234ac5e50e2d05a6af891d39856ca0768b4b6cdf1');
INSERT INTO cells.ladon_policy_resource_rel (policy, resource) VALUES ('user-meta-read', 'fc3746bba30f4cf159a925dcd074881513b5e6c02e822d0b2e081fc4c1f66240');

INSERT INTO cells.ladon_policy_subject_rel (policy, subject) VALUES ('acl-complex-rule1', 'e371631c344378189422fe857b7352142487c6b1b3de5acb0b108bb1bfa0bb96');
INSERT INTO cells.ladon_policy_subject_rel (policy, subject) VALUES ('acl-complex-rule2', 'e371631c344378189422fe857b7352142487c6b1b3de5acb0b108bb1bfa0bb96');
INSERT INTO cells.ladon_policy_subject_rel (policy, subject) VALUES ('acl-complex-rule3', 'e371631c344378189422fe857b7352142487c6b1b3de5acb0b108bb1bfa0bb96');
INSERT INTO cells.ladon_policy_subject_rel (policy, subject) VALUES ('acl-complex-rule4', '82060e433e9522b7f65c9ca87dc5772c5255b6f0ffa7519e6e376356bf0031aa');
INSERT INTO cells.ladon_policy_subject_rel (policy, subject) VALUES ('acl-complex-rule5', '82060e433e9522b7f65c9ca87dc5772c5255b6f0ffa7519e6e376356bf0031aa');
INSERT INTO cells.ladon_policy_subject_rel (policy, subject) VALUES ('acl-date-rule1', '76978752ef0b46453ca3744574169a780079ed078069901540623938461be448');
INSERT INTO cells.ladon_policy_subject_rel (policy, subject) VALUES ('acl-date-rule2', '76978752ef0b46453ca3744574169a780079ed078069901540623938461be448');
INSERT INTO cells.ladon_policy_subject_rel (policy, subject) VALUES ('acl-office-hours-rule', '9444ea61cf1baad76c313c5bf112482602d2518d15bb7492a5f5c97629a39bc8');
INSERT INTO cells.ladon_policy_subject_rel (policy, subject) VALUES ('acl-temporary-access2', '9d11007a3b8a8e18e1732c705433de49effcbe7369d1d61471b3ab2f950f6aa8');
INSERT INTO cells.ladon_policy_subject_rel (policy, subject) VALUES ('admin-default-policy', '09b89c9de28716a5a20658e09aa84faf177cda2ae7af722b95ac91b4c8510de0');
INSERT INTO cells.ladon_policy_subject_rel (policy, subject) VALUES ('all-users-login', '5a848a2e24a03bbc50af57e5ebe5d059e3664f85a59baa619e269c66920ef22e');
INSERT INTO cells.ladon_policy_subject_rel (policy, subject) VALUES ('all-users-login', 'c73d1bec74876b3003136bee2c331995066a27a275792b1f3f85d077a207dc0d');
INSERT INTO cells.ladon_policy_subject_rel (policy, subject) VALUES ('all-users-login', 'ff5e380332bd4e4b25546bd419085c3990c1b1b2376fa61d98b3f7dbdfa416d6');
INSERT INTO cells.ladon_policy_subject_rel (policy, subject) VALUES ('discovery-policy', 'b6cd4b112124235bf7c58b6ece2a57b6301cdeda05158eb30865d93b83c2fc89');
INSERT INTO cells.ladon_policy_subject_rel (policy, subject) VALUES ('frontend-auth', 'b6cd4b112124235bf7c58b6ece2a57b6301cdeda05158eb30865d93b83c2fc89');
INSERT INTO cells.ladon_policy_subject_rel (policy, subject) VALUES ('frontend-post', '167bcccb9056cccdce191bf7d2c13ec58f10d646dfadefdaca09c5ffacd61ba2');
INSERT INTO cells.ladon_policy_subject_rel (policy, subject) VALUES ('frontend-post', 'f00881c5e83c5b73e10e5068ad495a970aceeaab06b43645aba2a8e23186f3b8');
INSERT INTO cells.ladon_policy_subject_rel (policy, subject) VALUES ('frontend-read', '167bcccb9056cccdce191bf7d2c13ec58f10d646dfadefdaca09c5ffacd61ba2');
INSERT INTO cells.ladon_policy_subject_rel (policy, subject) VALUES ('frontend-read', 'f00881c5e83c5b73e10e5068ad495a970aceeaab06b43645aba2a8e23186f3b8');
INSERT INTO cells.ladon_policy_subject_rel (policy, subject) VALUES ('frontend-state', 'b6cd4b112124235bf7c58b6ece2a57b6301cdeda05158eb30865d93b83c2fc89');
INSERT INTO cells.ladon_policy_subject_rel (policy, subject) VALUES ('install-policy', 'b6cd4b112124235bf7c58b6ece2a57b6301cdeda05158eb30865d93b83c2fc89');
INSERT INTO cells.ladon_policy_subject_rel (policy, subject) VALUES ('reset-password-policy', 'b6cd4b112124235bf7c58b6ece2a57b6301cdeda05158eb30865d93b83c2fc89');
INSERT INTO cells.ladon_policy_subject_rel (policy, subject) VALUES ('user-default-policy', '167bcccb9056cccdce191bf7d2c13ec58f10d646dfadefdaca09c5ffacd61ba2');
INSERT INTO cells.ladon_policy_subject_rel (policy, subject) VALUES ('user-default-policy', 'f00881c5e83c5b73e10e5068ad495a970aceeaab06b43645aba2a8e23186f3b8');
INSERT INTO cells.ladon_policy_subject_rel (policy, subject) VALUES ('user-meta-put', '167bcccb9056cccdce191bf7d2c13ec58f10d646dfadefdaca09c5ffacd61ba2');
INSERT INTO cells.ladon_policy_subject_rel (policy, subject) VALUES ('user-meta-put', 'f00881c5e83c5b73e10e5068ad495a970aceeaab06b43645aba2a8e23186f3b8');
INSERT INTO cells.ladon_policy_subject_rel (policy, subject) VALUES ('user-meta-read', '167bcccb9056cccdce191bf7d2c13ec58f10d646dfadefdaca09c5ffacd61ba2');
INSERT INTO cells.ladon_policy_subject_rel (policy, subject) VALUES ('user-meta-read', 'f00881c5e83c5b73e10e5068ad495a970aceeaab06b43645aba2a8e23186f3b8');

INSERT INTO cells.idm_policy_group (uuid, name, description, owner_uuid, resource_group, last_updated) VALUES ('limited-period-access-acl-policy2', 'PolicyGroup.ACLSamplePeriod.Title', 'PolicyGroup.ACLSamplePeriod.Description', '', 1, 1638880130);
INSERT INTO cells.idm_policy_group (uuid, name, description, owner_uuid, resource_group, last_updated) VALUES ('no-access-after-acl-policy', 'PolicyGroup.ACLSampleDateDisable.Title', 'PolicyGroup.ACLSampleDateDisable.Description', '', 1, 1638880130);
INSERT INTO cells.idm_policy_group (uuid, name, description, owner_uuid, resource_group, last_updated) VALUES ('no-external-access-acl-policy', 'PolicyGroup.ACLSampleExternalIP.Title', 'PolicyGroup.ACLSampleExternalIP.Description', '', 1, 1638880130);
INSERT INTO cells.idm_policy_group (uuid, name, description, owner_uuid, resource_group, last_updated) VALUES ('office-hours-access-acl-policy', 'PolicyGroup.ACLSampleBusinessHours.Title', 'PolicyGroup.ACLSampleBusinessHours.Description', '', 1, 1638880130);
INSERT INTO cells.idm_policy_group (uuid, name, description, owner_uuid, resource_group, last_updated) VALUES ('oidc-actions-policies', 'PolicyGroup.OIDC.Title', 'PolicyGroup.OIDC.Description', '', 2, 1638880130);
INSERT INTO cells.idm_policy_group (uuid, name, description, owner_uuid, resource_group, last_updated) VALUES ('public-access', 'PolicyGroup.PublicAccess.Title', 'PolicyGroup.PublicAccess.Description', '', 0, 1638880130);
INSERT INTO cells.idm_policy_group (uuid, name, description, owner_uuid, resource_group, last_updated) VALUES ('public-access-install', 'PolicyGroup.PublicInstall.Title', 'PolicyGroup.PublicInstall.Description', '', 0, 1638880130);
INSERT INTO cells.idm_policy_group (uuid, name, description, owner_uuid, resource_group, last_updated) VALUES ('rest-apis-default-accesses', 'PolicyGroup.LoggedUsers.Title', 'PolicyGroup.LoggedUsers.Description', '', 0, 1638880130);
INSERT INTO cells.idm_policy_group (uuid, name, description, owner_uuid, resource_group, last_updated) VALUES ('sample-acl-policy', 'PolicyGroup.ACLSample1.Title', 'PolicyGroup.ACLSample1.Description', '', 1, 1638880130);

INSERT INTO cells.idm_policy_rel (id, group_uuid, policy_id) VALUES (16, 'limited-period-access-acl-policy2', 'acl-temporary-access2');
INSERT INTO cells.idm_policy_rel (id, group_uuid, policy_id) VALUES (17, 'no-access-after-acl-policy', 'acl-date-rule1');
INSERT INTO cells.idm_policy_rel (id, group_uuid, policy_id) VALUES (18, 'no-access-after-acl-policy', 'acl-date-rule2');
INSERT INTO cells.idm_policy_rel (id, group_uuid, policy_id) VALUES (20, 'no-external-access-acl-policy', 'acl-complex-rule4');
INSERT INTO cells.idm_policy_rel (id, group_uuid, policy_id) VALUES (21, 'no-external-access-acl-policy', 'acl-complex-rule5');
INSERT INTO cells.idm_policy_rel (id, group_uuid, policy_id) VALUES (19, 'office-hours-access-acl-policy', 'acl-office-hours-rule');
INSERT INTO cells.idm_policy_rel (id, group_uuid, policy_id) VALUES (12, 'oidc-actions-policies', 'all-users-login');
INSERT INTO cells.idm_policy_rel (id, group_uuid, policy_id) VALUES (1, 'public-access', 'discovery-policy');
INSERT INTO cells.idm_policy_rel (id, group_uuid, policy_id) VALUES (4, 'public-access', 'frontend-auth');
INSERT INTO cells.idm_policy_rel (id, group_uuid, policy_id) VALUES (3, 'public-access', 'frontend-state');
INSERT INTO cells.idm_policy_rel (id, group_uuid, policy_id) VALUES (2, 'public-access', 'reset-password-policy');
INSERT INTO cells.idm_policy_rel (id, group_uuid, policy_id) VALUES (5, 'public-access-install', 'install-policy');
INSERT INTO cells.idm_policy_rel (id, group_uuid, policy_id) VALUES (6, 'rest-apis-default-accesses', 'admin-default-policy');
INSERT INTO cells.idm_policy_rel (id, group_uuid, policy_id) VALUES (11, 'rest-apis-default-accesses', 'frontend-post');
INSERT INTO cells.idm_policy_rel (id, group_uuid, policy_id) VALUES (10, 'rest-apis-default-accesses', 'frontend-read');
INSERT INTO cells.idm_policy_rel (id, group_uuid, policy_id) VALUES (7, 'rest-apis-default-accesses', 'user-default-policy');
INSERT INTO cells.idm_policy_rel (id, group_uuid, policy_id) VALUES (9, 'rest-apis-default-accesses', 'user-meta-put');
INSERT INTO cells.idm_policy_rel (id, group_uuid, policy_id) VALUES (8, 'rest-apis-default-accesses', 'user-meta-read');
INSERT INTO cells.idm_policy_rel (id, group_uuid, policy_id) VALUES (13, 'sample-acl-policy', 'acl-complex-rule1');
INSERT INTO cells.idm_policy_rel (id, group_uuid, policy_id) VALUES (14, 'sample-acl-policy', 'acl-complex-rule2');
INSERT INTO cells.idm_policy_rel (id, group_uuid, policy_id) VALUES (15, 'sample-acl-policy', 'acl-complex-rule3');